Batch size	CPU	GPU
2048		2.737505333
1024		1.697412
512	23.259665533	0.991202
256	12.059698	0.9430405333
128	6.380825333	0.73615333
64	3.192774	0.7601923333
32	1.597907667	0.5116996667
