Batch size	CPU	GPU
2048		3.115354
1024		1.912647
512	23.259665533	1.34511
256	12.059698	1.179629667
128	6.380825333	0.944707
64	3.192774	0.8420713333
32	1.597907667	0.5830913333
