Batch size	CPU	GPU
512	23.249426	1.457764
512	23.269926	1.215163
512	23.259644	1.362403
256	12.071192	1.179905
256	12.042601	1.132418
256	12.065301	1.226566
128	6.383432	1.220661
128	6.384618	0.808163
128	6.374426	0.805297
64	3.205642	0.733259
64	3.182206	0.749924
64	3.190474	1.043031
32	1.598039	0.54145
32	1.598201	0.598209
32	1.597483	0.609615
